{
  "scale": {
    "status": "complete",
    "expected_condition_rows": 241920,
    "actual_condition_rows": 241920,
    "represented_trial_evaluations": 543449088000,
    "figures": [
      "recoverability_map.pdf",
      "repair_stress_heatmap.pdf",
      "prediction_loss_vs_repeat.pdf",
      "guard_precision_recall_tradeoff.pdf",
      "expansion_recoverability_tradeoff.pdf",
      "stale_patch_regret.pdf"
    ],
    "tables": [
      "table_scale.tex",
      "table_main_performance.tex",
      "table_guard_summary.tex",
      "table_stress_summary.tex",
      "table_planner_summary.tex",
      "table_counterexample_summary.tex",
      "table_domain_summary.tex",
      "table_patch_budget_summary.tex",
      "table_negative_controls.tex",
      "table_v2_reconciliation.tex"
    ]
  },
  "main_performance": {
    "no_repair": {
      "name": "no_repair",
      "count": 24192,
      "success_rate": 0.5117904912075517,
      "repeated_counterexample_rate": 0.5386194510638483,
      "mean_expansions": 3.1199499492446625,
      "recovery_latency": 3.3463895248158697,
      "blocked_valid_rate": 0.07251806872226152,
      "stale_patch_regret": 0.16021037374228986,
      "guard_precision": 0.0,
      "guard_recall": 0.0,
      "patch_churn": 0.13983732977660324,
      "model_loss": 0.32704781831290625,
      "recoverability_score": 0.24095005745008644
    },
    "prediction_centric": {
      "name": "prediction_centric",
      "count": 24192,
      "success_rate": 0.570425904830895,
      "repeated_counterexample_rate": 0.4801310475465522,
      "mean_expansions": 3.155341283626701,
      "recovery_latency": 3.2919618545738,
      "blocked_valid_rate": 0.0761627073153455,
      "stale_patch_regret": 0.121249432511238,
      "guard_precision": 0.0,
      "guard_recall": 0.0,
      "patch_churn": 0.13983732977660324,
      "model_loss": 0.23350361655426038,
      "recoverability_score": 0.32586104989024667
    },
    "uncertainty_penalty": {
      "name": "uncertainty_penalty",
      "count": 24192,
      "success_rate": 0.5628899535453393,
      "repeated_counterexample_rate": 0.46976413865769306,
      "mean_expansions": 3.490902505537817,
      "recovery_latency": 3.374515396931184,
      "blocked_valid_rate": 0.11021594375980193,
      "stale_patch_regret": 0.14112101440013583,
      "guard_precision": 0.0,
      "guard_recall": 0.0,
      "patch_churn": 0.13983732977660324,
      "model_loss": 0.28132016210982885,
      "recoverability_score": 0.3016028171184498
    },
    "action_blacklist": {
      "name": "action_blacklist",
      "count": 24192,
      "success_rate": 0.5972075238535061,
      "repeated_counterexample_rate": 0.39540385693076796,
      "mean_expansions": 3.4622989180874555,
      "recovery_latency": 3.1233777428567553,
      "blocked_valid_rate": 0.11915220548355236,
      "stale_patch_regret": 0.15476460458021649,
      "guard_precision": 0.7492326181582192,
      "guard_recall": 0.7469089800402662,
      "patch_churn": 0.15869066310993743,
      "model_loss": 0.3209674678092649,
      "recoverability_score": 0.37699018647550436
    },
    "global_retraining_proxy": {
      "name": "global_retraining_proxy",
      "count": 24192,
      "success_rate": 0.5783697278490079,
      "repeated_counterexample_rate": 0.47059949645515947,
      "mean_expansions": 3.2122191701246674,
      "recovery_latency": 3.29740295659274,
      "blocked_valid_rate": 0.08492608687878767,
      "stale_patch_regret": 0.10510034201020074,
      "guard_precision": 0.0,
      "guard_recall": 0.0,
      "patch_churn": 0.1310079964432703,
      "model_loss": 0.22123784100856314,
      "recoverability_score": 0.3406840550838206
    },
    "robust_replanning": {
      "name": "robust_replanning",
      "count": 24192,
      "success_rate": 0.5708476384989057,
      "repeated_counterexample_rate": 0.44873503927654473,
      "mean_expansions": 3.8084963198224755,
      "recovery_latency": 3.4403096556116592,
      "blocked_valid_rate": 0.14673230400734413,
      "stale_patch_regret": 0.1275735439024493,
      "guard_precision": 0.0,
      "guard_recall": 0.0,
      "patch_churn": 0.12153155199882706,
      "model_loss": 0.29685561241925873,
      "recoverability_score": 0.3099384360607594
    },
    "exact_ccra": {
      "name": "exact_ccra",
      "count": 24192,
      "success_rate": 0.726371588813594,
      "repeated_counterexample_rate": 0.1888249245672786,
      "mean_expansions": 3.3717975123156423,
      "recovery_latency": 2.5341354892997447,
      "blocked_valid_rate": 0.1311774984352688,
      "stale_patch_regret": 0.13793684435797415,
      "guard_precision": 0.7969829631014622,
      "guard_recall": 0.8042593249835108,
      "patch_churn": 0.1831502186654932,
      "model_loss": 0.3148426402808909,
      "recoverability_score": 0.6233929702924234
    },
    "learned_guard_ccra": {
      "name": "learned_guard_ccra",
      "count": 24192,
      "success_rate": 0.7143709374258009,
      "repeated_counterexample_rate": 0.21613157656305604,
      "mean_expansions": 3.4207722494660846,
      "recovery_latency": 2.6377040689315296,
      "blocked_valid_rate": 0.13334941341302767,
      "stale_patch_regret": 0.11815898412639964,
      "guard_precision": 0.7769569678820064,
      "guard_recall": 0.780233329764053,
      "patch_churn": 0.1580559964432729,
      "model_loss": 0.3052296426711624,
      "recoverability_score": 0.6026026423588721
    },
    "ccra_with_retirement": {
      "name": "ccra_with_retirement",
      "count": 24192,
      "success_rate": 0.7293409073509256,
      "repeated_counterexample_rate": 0.21080446655639706,
      "mean_expansions": 3.4047636694535326,
      "recovery_latency": 2.612952516856568,
      "blocked_valid_rate": 0.13268096401512972,
      "stale_patch_regret": 0.060750468092916336,
      "guard_precision": 0.7816673302353145,
      "guard_recall": 0.7857436921173652,
      "patch_churn": 0.0884539891382579,
      "model_loss": 0.30798482384781795,
      "recoverability_score": 0.6522387590058397
    },
    "oracle_guard_ccra": {
      "name": "oracle_guard_ccra",
      "count": 24192,
      "success_rate": 0.7700974613191138,
      "repeated_counterexample_rate": 0.14609297971149898,
      "mean_expansions": 3.3427707179577424,
      "recovery_latency": 2.4056780093268455,
      "blocked_valid_rate": 0.13200753532333992,
      "stale_patch_regret": 0.059678552007325116,
      "guard_precision": 0.8156893386982499,
      "guard_recall": 0.8265657005803033,
      "patch_churn": 0.09665935237467528,
      "model_loss": 0.31279582807928635,
      "recoverability_score": 0.7316224357372517
    }
  },
  "regime_summary": {
    "recoverability_required": {
      "name": "recoverability_required",
      "count": 115200,
      "success_rate": 0.6040980121880511,
      "repeated_counterexample_rate": 0.41372611007579957,
      "mean_expansions": 3.4281967203095243,
      "recovery_latency": 3.2125870308249374,
      "blocked_valid_rate": 0.11712746990627608,
      "stale_patch_regret": 0.1246294526662292,
      "guard_precision": 0.3888203336843373,
      "guard_recall": 0.3839683658158335,
      "patch_churn": 0.15690231647012376,
      "model_loss": 0.29950186530175144,
      "recoverability_score": 0.3971794307385114
    },
    "mixed_recovery": {
      "name": "mixed_recovery",
      "count": 122880,
      "success_rate": 0.65617531918361,
      "repeated_counterexample_rate": 0.30880378610078024,
      "mean_expansions": 3.34282318275632,
      "recovery_latency": 2.8323089472997665,
      "blocked_valid_rate": 0.11136717444526376,
      "stale_patch_regret": 0.11523895924672094,
      "guard_precision": 0.39457862932250154,
      "guard_recall": 0.4036281458290045,
      "patch_churn": 0.11771553331793919,
      "model_loss": 0.28655421101198,
      "recoverability_score": 0.49344825154349553
    },
    "single_counterexample_control": {
      "name": "single_counterexample_control",
      "count": 3840,