method,success_rate,mean_expansions,mean_cost_successes
no_repair,0.7541666666666667,3.7083333333333335,0.06963836124918917
prediction_centric,0.8083333333333333,4.4625,0.06963836124918917
ccra,1.0,2.754166666666667,0.06963836124918917
