{
  "prediction_centric": {
    "success_rate": 0.8083333333333333,
    "mean_expansions": 4.4625,
    "mean_cost_successes": 0.06963836124918917
  },
  "ccra": {
    "success_rate": 1.0,
    "mean_expansions": 2.754166666666667,
    "mean_cost_successes": 0.06963836124918917
  },
  "no_repair": {
    "success_rate": 0.7541666666666667,
    "mean_expansions": 3.7083333333333335,
    "mean_cost_successes": 0.06963836124918917
  },
  "comparison": {
    "ccra_expansion_reduction_percent": 38.281979458450046
  }
}